Ursprung,Ziel,Typ
aufschließen,Agnes von Lilien,Ungerichtet
Richtung,Agnes von Lilien,Ungerichtet
Welt,Agnes von Lilien,Ungerichtet
Quelle,Agnes von Lilien,Ungerichtet
Spähre,Agnes von Lilien,Ungerichtet
Kreis,Agnes von Lilien,Ungerichtet
Grenzlinie,Alf von Dülmen,Ungerichtet
Jenseits,Andreas Vöst,Ungerichtet
hoch / Höher,Berlin Alexanderplatz,Ungerichtet
Ober-/Unterwelt,Christa Ruland,Ungerichtet
Quelle,Das Blüthenalter der Empfindung,Ungerichtet
entfesselt,Das Blüthenalter der Empfindung,Ungerichtet
Himmel,Der im Irr-Garten der Liebe herum taumelnde Cavalier,Ungerichtet
Lustgarten,Der im Irr-Garten der Liebe herum taumelnde Cavalier,Ungerichtet
Weg,Der im Irrgarten der Liebe herum taumelnde Cavalier,Ungerichtet
Himmel,Der redliche Mann am Hofe,Ungerichtet
Groß / Größe,Der Sonnenwirt,Ungerichtet
hoch / Höher,Der Sonnenwirt,Ungerichtet
Hölle,Der Sonnenwirt,Ungerichtet
Groß / Größe,Die Ahnen,Ungerichtet
Himmel,Die Akten des Vogelsang,Ungerichtet
Himmel,Die Amtmannin von Hohenweiler,Ungerichtet
Hölle,Elisa,Ungerichtet
Groß / Größe,Elisa,Ungerichtet
Himmel,Elisa,Ungerichtet
Richtung,Elisa,Ungerichtet
entfernen,Elisa,Ungerichtet
Groß / Größe,Evremont,Ungerichtet
hoch / Höher,Evremont,Ungerichtet
durchdringend ,Evremont,Ungerichtet
Groß / Größe,Faustine,Ungerichtet
hoch / Höher,Faustine,Ungerichtet
Weg,Faustine,Ungerichtet
Groß / Größe,"Fausts Leben, Taten und Höllenfahrt",Ungerichtet
Hölle,"Fausts Leben, Taten und Höllenfahrt",Ungerichtet
flach,"Fausts Leben, Taten und Höllenfahrt",Ungerichtet
Band,"Fausts Leben, Taten und Höllenfahrt",Ungerichtet
Grenzen,"Fausts Leben, Taten und Höllenfahrt",Ungerichtet
hoch / Höher,"Fausts Leben, Taten und Höllenfahrt",Ungerichtet
hinaufschrauben,"Fausts Leben, Taten und Höllenfahrt",Ungerichtet
wachsen,"Fausts Leben, Taten und Höllenfahrt",Ungerichtet
verloren sein,"Fausts Leben, Taten und Höllenfahrt",Ungerichtet
Ober-/Unterwelt,"Fausts Leben, Taten und Höllenfahrt",Ungerichtet
Groß / Größe,Feldblumen,Ungerichtet
vorschweben,Feldblumen,Ungerichtet
Eden,Feldblumen,Ungerichtet
Abgrund,Feldblumen,Ungerichtet
Groß / Größe,Florentin,Ungerichtet
Umfangen,Florentin,Ungerichtet
Fesseln,Florentin,Ungerichtet
Mauern,Florentin,Ungerichtet
(sich) entfalten,Florentin,Ungerichtet
erdrückend,Florentin,Ungerichtet
Himmel,Geschichte der Abderiten,Ungerichtet
Groß / Größe,Heieteretei,Ungerichtet
klein,Heiteretei,Ungerichtet
Revier,Heiteretei,Ungerichtet
aufgehen,Herrn Dames Aufzeichnungen,Ungerichtet
untergehen,Herrn Dames Aufzeichnungen,Ungerichtet
Welt,Hyperion Fragment,Ungerichtet
Untergehen,Hyperion Fragment,Ungerichtet
Paradies,Hyperion Fragment,Ungerichtet
entfesselt,Hyperion Fragment,Ungerichtet
auferstanden,Hyperion Fragment,Ungerichtet
Gedankenwelt,Hyperion Fragment,Ungerichtet
Groß / Größe,Kakerlak,Ungerichtet
Groß / Größe,Leben und Lüge,Ungerichtet
geradeausgehend,Leben und Lüge,Ungerichtet
Aufsteigend,Lebensläufe in aufsteigender Linie,Ungerichtet
Himmel,Lebensläufe in aufsteigender Linie,Ungerichtet
Jammerthal,Lebensläufe nach aufsteigender Linie,Ungerichtet
Untergehen,Lebensläufe nach aufsteigender Linie,Ungerichtet
Quelle,Maria,Ungerichtet
Feld,Martha's Kinder,Ungerichtet
Lebensweg,Martha's Kinder,Ungerichtet
Boden,Martha's Kinder,Ungerichtet
Groß / Größe,Problematische Naturen. Zweite Abteilung (durch Nacht zum Licht),Ungerichtet
Quelle,Problematische Naturen. Zweite Abteilung (durch Nacht zum Licht),Ungerichtet
hoch / Höher,Problematische Naturen. Zweite Abteilung (durch Nacht zum Licht),Ungerichtet
Babel,Problematische Naturen. Zweite Abteilung (durch Nacht zum Licht),Ungerichtet
hereinbrechen,Problematische Naturen. Zweite Abteilung (durch Nacht zum Licht),Ungerichtet
Himmelsleiter,Rodrich,Ungerichtet
Welt,Rodrich,Ungerichtet
Weg,Rodrich,Ungerichtet
Groß / Größe,Sibilla Dalmar,Ungerichtet
Gewerkswelt,Feldblumen,Ungerichtet
Ausdruck,Titel,Ungerichtet
Groß / Größe,Usong,Ungerichtet
Familienzweig,Usong,Ungerichtet
Weg,Vogelsang,Ungerichtet
"in den Händen von jemandem sein, jemandem in die Hände fallen / geraten",Der im Irrgarten der Liebe herumtaumelnde Cavalier,Ungerichtet
Aus der Garküche der deutschen Mundart und Reimkunst verstoßen,Der im Irr-Garten der Liebe herum taumelnde Cavalier,Ungerichtet
der Weg zur Gelehrsamkeit zu gelangen,Der im Irr-Garten der Liebe herum taumelnde Cavalier,Ungerichtet
in hohe Posten geschwungen,Der im Irr-Garten der Liebe herum taumelnde Cavalier,Ungerichtet
es weit bringen,Der im Irr-Garten der Liebe herum taumelnde Cavalier,Ungerichtet
Jemandem oder etwas im Wege stehen,Der im Irr-Garten der Liebe herum taumelnde Cavalier,Ungerichtet
im Liebesgarne gefangen,Der im Irr-Garten der Liebe herum taumelnde Cavalier,Ungerichtet
augenblicklich eine ungemeine Liebe auf jemanden werfen,Der im Irr-Garten der Liebe herum taumelnde Cavalier,Ungerichtet
in die Hände spielen,Der redliche Mann am Hofe,Ungerichtet
aus dem Weg schaffen,Der redliche Mann am Hofe,Ungerichtet
Schlingen legen,Der redliche Mann am Hofe,Ungerichtet
sich aus Schlingen retten,Der redliche Mann am Hofe,Ungerichtet
sich anderer Wege bedienen,Der redliche Mann am Hofe,Ungerichtet
"in den Händen von jemandem sein, jemandem in die Hände fallen / geraten",Der redliche Mann am Hofe,Ungerichtet
unter die schöne Melusine herabsinken,Geschichte der Abderiten,Ungerichtet
etwas auf musikalische Grundsätze bauen,Geschichte der Abderiten,Ungerichtet
jemandem in den Weg treten,Geschichte der Abderiten,Ungerichtet
"Sich so nehmen, wie man sich findet",Lebensläufe nach aufsteigender Linie,Ungerichtet
Jemandem das Wort aus dem Munde nehmen,Lebensläufe nach aufsteigender Linie,Ungerichtet
Eine Sündflut mit dem Tintenfaß machen,Lebensläufe nach aufsteigender Linie,Ungerichtet
Eine Stufe überschreiten,Lebensläufe nach aufsteigender Linie,Ungerichtet
Etwas auf dem Herzen haben,Lebensläufe nach aufsteigender Linie,Ungerichtet
Das Feld behalten,Lebensläufe nach aufsteigender Linie,Ungerichtet
In die Flucht geschlagen sein,Lebensläufe nach aufsteigender Linie,Ungerichtet
"Befestigen, was man erobert hat",Lebensläufe nach aufsteigender Linie,Ungerichtet
denen mein Herz und meine Seele auf dem halben Weg entgegen kamen,Lebensläufe nach aufsteigender Linie,Ungerichtet
Im Buche des Lebens eingeschrieben sein,Lebensläufe nach aufsteigender Linie,Ungerichtet
ein Langes und ein Breites,Lebensläufe nach aufsteigender Linie,Ungerichtet
Reich Gottes,Lebensläufe in aufsteigender Linie,Ungerichtet
"in den Händen von jemandem sein, jemandem in die Hände fallen / geraten",Lebensläufe in aufsteigender Linie,Ungerichtet
etw. Berg ab erzählen,Lebensläufe nach aufsteigender Linie,Ungerichtet
bei seiner Wiege,Lebensläufe nach aufsteigender Linie,Ungerichtet
"Daumen-, Zeige- und Mittelfinger eines Werkes",Lebensläufe nach aufsteigender Linie,Ungerichtet
außerhalb der eigenen Grenzen,Lebensläufe nach aufsteigender Linie,Ungerichtet
Wegweiser aufrichten,Lebensläufe nach aufsteigender Linie,Ungerichtet
jemandem an die Hand gehen,Lebensläufe nach aufsteigender Linie,Ungerichtet
Hand an etwas legen,Lebensläufe nach aufsteigender Linie,Ungerichtet
in die Hand Gottes fallen,Lebensläufe nach aufsteigender Linie,Ungerichtet
beide Glaubenshände zureichen,Lebensläufe nach aufsteigender Linie,Ungerichtet
Kreuzzug über Land unternommen,Lebensläufe nach aufsteigender Linie,Ungerichtet
ins Freie in die frische Luft bringen,Lebensläufe nach aufsteigender Linie,Ungerichtet
von mütterlicher Seite,Lebensläufe nach aufsteigender Linie,Ungerichtet
von der Seitenlinie,Lebensläufe nach aufsteigender Linie,Ungerichtet
jemanden stürzen,Usong,Ungerichtet
sich in die dunklen Gefilde der Magie werfen,Usong,Ungerichtet
Jemanden mit etwas überhäufen,Kakerlak,Ungerichtet
etwas mit Füßen treten,Kakerlak,Ungerichtet
die Hand im Spiel haben,Kakerlak,Ungerichtet
Weg einschlagen,Kakerlak,Ungerichtet
wie aus Kartenblättern geschnitten,Kakerlak,Ungerichtet
etwas zu Boden wiegen,Kakerlak,Ungerichtet
Pfad des Glücks,Kakerlak,Ungerichtet
Das Herz ist eine unüberwindliche Festung,Maria,Ungerichtet
jemandem auf die Schulter klopfen,Maria,Ungerichtet
die Hand im Spiel haben,Die Amtmannin von Hohenweiler,Ungerichtet
das Herz vor jemandem ausschütten,Die Amtmannin von Hohenweiler,Ungerichtet
etwas in Dunkel hüllen,Alf von Dülmen,Ungerichtet
Nass bis auf die Knochen sein,Alf von Dülmen,Ungerichtet
Den Arm von etwas auf sich lenken,Alf von Dülmen,Ungerichtet
an der Stufe des richtenden Throns / des Richterstuhls,Alf von Dülmen,Ungerichtet
Gnade vor den Augen von jemandem finden,Alf von Dülmen,Ungerichtet
ein Auge auf jemanden werfen,Alf von Dülmen,Ungerichtet
den Nacken unter ein Joch beugen,Alf von Dülmen,Ungerichtet
Pfad des Glücks,"Fausts Leben, Taten und Höllenfahrt",Ungerichtet
in einem Labyrinth herumirren,"Fausts Leben, Taten und Höllenfahrt",Ungerichtet
dicke Finsternis durchbrechen,"Fausts Leben, Taten und Höllenfahrt",Ungerichtet
von einem Gefühl verschlungen werden,"Fausts Leben, Taten und Höllenfahrt",Ungerichtet
"Tore zu Reichtum, Ruhm und Genuß aufsprengen","Fausts Leben, Taten und Höllenfahrt",Ungerichtet
tief herabsinken,"Fausts Leben, Taten und Höllenfahrt",Ungerichtet
gedrückt von einer schweren Schuldenlast,"Fausts Leben, Taten und Höllenfahrt",Ungerichtet
sich etwas auf den Hals ziehen,"Fausts Leben, Taten und Höllenfahrt",Ungerichtet
Das Herz des Stolzen schlägt den Sanftern nieder,"Fausts Leben, Taten und Höllenfahrt",Ungerichtet
ein verschlungenes Knäuel aufwickeln,"Fausts Leben, Taten und Höllenfahrt",Ungerichtet
Licht in die Finsternis bringen,"Fausts Leben, Taten und Höllenfahrt",Ungerichtet
über die Grenzen (von etwas Immateriellem) treiben,"Fausts Leben, Taten und Höllenfahrt",Ungerichtet
in etwas verwickelt sein,"Fausts Leben, Taten und Höllenfahrt",Ungerichtet
Leib des Herrn,"Fausts Leben, Taten und Höllenfahrt",Ungerichtet
den Banden der Menschheit entrissen,"Fausts Leben, Taten und Höllenfahrt",Ungerichtet
am Rande der Hölle,"Fausts Leben, Taten und Höllenfahrt",Ungerichtet
ein düstrer Vorhang verbirgt etwas,"Fausts Leben, Taten und Höllenfahrt",Ungerichtet
nie still stehen,"Fausts Leben, Taten und Höllenfahrt",Ungerichtet
jemanden in Staub treten,"Fausts Leben, Taten und Höllenfahrt",Ungerichtet
auf militärischen Fuß eingerichtet sein,"Fausts Leben, Taten und Höllenfahrt",Ungerichtet
weit bringen,Woldemar,Ungerichtet
an etwas hängen,Woldemar,Ungerichtet
im Flug,Woldemar,Ungerichtet
das Herz schlägt die Brust entzwei,Woldemar,Ungerichtet
jemand steht jemand anderem vor der Seele,Woldemar,Ungerichtet
auf jemanden ein Glück bauen können,Woldemar,Ungerichtet
mit eisernem Arm regieren,Woldemar,Ungerichtet
ein Herz an Felsen zermalmen,Woldemar,Ungerichtet
über Basilisken brüten,Woldemar,Ungerichtet
Wesen und Taten zweier Menschen schlingen sich zu einem uauflöslichen Gewebe ineinander,Woldemar,Ungerichtet
tief gehen,Woldemar,Ungerichtet
etwas haftet an einem,Woldemar,Ungerichtet
Ins Leben hinein wandeln,Woldemar,Ungerichtet
in der Gegenwart von jemandem schweben,Woldemar,Ungerichtet
sich um jemanden reißen,Woldemar,Ungerichtet
sich verlieren,Das Blüthenalter der Empfindung,Ungerichtet
etwas ans Herz drücken,Das Blüthenalter der Empfindung,Ungerichtet
das Herz schlägt die Brust entzwei,Das Blüthenalter der Empfindung,Ungerichtet
Mit dem Blick der Sehnsucht auf etwas zurück schauen,Das Blüthenalter der Empfindung,Ungerichtet
Etwas ist in ein Schicksal verwebt,Das Blüthenalter der Empfindung,Ungerichtet
Ringmauern des Gebrauchs,Das Blüthenalter der Empfindung,Ungerichtet
geheime Seligkeiten aufschließen,Das Blüthenalter der Empfindung,Ungerichtet
Fesseln zerreißen,Das Blüthenalter der Empfindung,Ungerichtet
die Spitze auf einen Gegner wenden,Das Blüthenalter der Empfindung,Ungerichtet
Das Meer von Gefühlen,Das Blüthenalter der Empfindung,Ungerichtet
in einem Meer von Liebe und Entzücken schwimmen,Das Blüthenalter der Empfindung,Ungerichtet
Blüthenhaine einer regellosen Phantasie,Das Blüthenalter der Empfindung,Ungerichtet
Freude und Schmerz erschienen und flohen,Das Blüthenalter der Empfindung,Ungerichtet
Leidenschaften begegnen sich,Das Blüthenalter der Empfindung,Ungerichtet
Etwas (z.B. ein Buch) wird verschlungen,Das Blüthenalter der Empfindung,Ungerichtet
Etwas fällt wie Nebel von den Augen,Das Blüthenalter der Empfindung,Ungerichtet
die felsenharte Unmöglichkeit entgegengestellt bekommen,Das Blüthenalter der Empfindung,Ungerichtet
Bemerkungen treffen ins Ziel,Das Blüthenalter der Empfindung,Ungerichtet
etwas wallt mit großer Flut hinunter,Das Blüthenalter der Empfindung,Ungerichtet
Verborgenen Edelstein finden,Das Blüthenalter der Empfindung,Ungerichtet
jemandem ein Herz geben,Das Blüthenalter der Empfindung,Ungerichtet
in den Kreis der Wirklichkeit zurückführen,Agnes von Lilien,Ungerichtet
Geist und Grazie zum Band des Umgangs weben,Agnes von Lilien,Ungerichtet
Die Vergangenheit umleuchtet uns als freundlicher Strahl,Agnes von Lilien,Ungerichtet
hoch über andere erhaben sein,Agnes von Lilien,Ungerichtet
Bahn des Rechten,Agnes von Lilien,Ungerichtet
In der eigenen Sphäre sein,Agnes von Lilien,Ungerichtet
sich wegwerfen,Hyperion Fragment,Ungerichtet
sich verlieren,Hyperion Fragment,Ungerichtet
mich selbst an das Geliebte verlieren,Hyperion Fragment,Ungerichtet
Begraben in ihr Elend,Hyperion Fragment,Ungerichtet
etwas drückt jemanden unaussprechlich nieder,Hyperion Fragment,Ungerichtet
Trümmer ehemals gemachter Gedanken zusammenlesen,Hyperion Fragment,Ungerichtet
im Lande der Vergänglichkeit,Hyperion Fragment,Ungerichtet
etwas ans Herz drücken,Hyperion Fragment,Ungerichtet
Trümmer aus beßrer Zeit,Hyperion Fragment,Ungerichtet
entfliehendes Leben,Hyperion Fragment,Ungerichtet
Niederdrücken mit seiner Hoheit,Hyperion Fragment,Ungerichtet
kein Arkadien aufwachsen,Hyperion Fragment,Ungerichtet
von Leiden gedrückt,Hyperion Fragment,Ungerichtet
etwas drückt jemanden zu Boden,Hyperion Fragment,Ungerichtet
von jemandem gefesselt werden,Hyperion Fragment,Ungerichtet
Verloren in Gram,Hyperion Fragment,Ungerichtet
Wie Wölkchen ums Morgenlicht,Hyperion Fragment,Ungerichtet
Wenn kömmt das große Wiedersehen der Geister?,Hyperion Fragment,Ungerichtet
In der eigenen Sphäre sein,Elisa,Ungerichtet
der Luxus breitet seine verderblichen Fittiche aus,Elisa,Ungerichtet
auf der Bahn des Lebens wandeln,Elisa,Ungerichtet
tief unter etwas stehen,Elisa,Ungerichtet
ein Tropfen im Meere der Wahrheit und Aufklärung,Elisa,Ungerichtet
Glied einer Kette sein,Elisa,Ungerichtet
etwas der Vergessenheit übergeben,Elisa,Ungerichtet
"an einen Faden anknüpfen, den man zuvor fallen ließ",Elisa,Ungerichtet
Hinderniss der Glückseligkeit,Elisa,Ungerichtet
der Fesseln entledigt sein,Florentin,Ungerichtet
den Weg verfehlen,Florentin,Ungerichtet
einen Thron besitzen,Florentin,Ungerichtet
in ein schöneres Dasein übergehen,Florentin,Ungerichtet
sein Leben hängt an meinem Spiele,Florentin,Ungerichtet
weitläufiger Dank,Florentin,Ungerichtet
so weit mich mein Gedächtnis zurückträgt,Florentin,Ungerichtet
wie in einen wolkenlosen Himmel,Florentin,Ungerichtet
wie Segen vom Himmel herab,Florentin,Ungerichtet
Gewisse Bäume sind nur zum Abhauen gut,Die Honigmonathe,Ungerichtet
"bändigt einmal den Strom, wenn ihr die Dämme eingerissen habt",Die Honigmonathe,Ungerichtet
mit dem Schrecken davon kommen,Die Honigmonathe,Ungerichtet
in guten Händen sein,Die Honigmonathe,Ungerichtet
den Kopf verrücken,Die Honigmonathe,Ungerichtet
mit sich selbst im Kriege,Die Honigmonathe,Ungerichtet
Nur Stürme reinigen die Luft,Die Honigmonathe,Ungerichtet
alle ihre ausgeworfenen Netze zieht sie leer wieder zurück,Die Honigmonathe,Ungerichtet
Katze im Sack,Die Honigmonathe,Ungerichtet
kleiner Seitengang,Die Honigmonathe,Ungerichtet
ins tiefste Elend stürzen,Die Honigmonathe,Ungerichtet
wie mit Flammenzungen eingegraben bleiben,Rodrich,Ungerichtet
in das bunte Gewebe deines Schicksals eingreifen,Rodrich,Ungerichtet
in das Grab der höchsten Freude versenkt,Rodrich,Ungerichtet
"auf morschem, verfallenen Grund bauen",Rodrich,Ungerichtet
wie aus einem Guß geformt,Rodrich,Ungerichtet
den eigenen Namen für eine handvoll tauber Nüsse hingeben,Rodrich,Ungerichtet
in dem Strom gemeinen Wirkens,Rodrich,Ungerichtet
Stufen geselliger Verhältnisse,Rodrich,Ungerichtet
gigantisch über den Trümmern der Vorzeit hinschreiten,Rodrich,Ungerichtet
mit den Trümmern seiner Herrlichkeit spielen,Rodrich,Ungerichtet
das überfließende Herz eröffnen,Rodrich,Ungerichtet
sich in etwas versenken,Rodrich,Ungerichtet
auf dem früher geebneten Wege fortziehen,Rodrich,Ungerichtet
auf schlimmere Wege führen,Rodrich,Ungerichtet
in abgeschlossener Welt leben,Rodrich,Ungerichtet
eine abgeschlossene Welt sein,Rodrich,Ungerichtet
die ganze Welt offenbaren,Rodrich,Ungerichtet
Regeln über den Haufen werfen,Rodrich,Ungerichtet
keine Rückschritte führen zum Ziele,Rodrich,Ungerichtet
Ursprung und Zweck der That fallen zusammen,Rodrich,Ungerichtet
"in den Händen von jemandem sein, jemandem in die Hände fallen / geraten",Evremont,Ungerichtet
eine Eigenheit / Eigenschaft tritt hervor,Evremont,Ungerichtet
wie aus geheimnisvollen Tiefen heraufblicken,Evremont,Ungerichtet
jemandes Züge stehlen,Feldblumen,Ungerichtet
die sanften Fäden planlosen Fantasierens,Feldblumen,Ungerichtet
Wünsche meines Herzens stehen auf,Feldblumen,Ungerichtet
Welten des Himmels,Feldblumen,Ungerichtet
vor der Hand,Feldblumen,Ungerichtet
jeder Tag zeigt ein Gesicht,Feldblumen,Ungerichtet
im zwiefachen Kerker der Blindheit und Krankheit,Faustine,Ungerichtet
in etwas untergehen ,Faustine,Ungerichtet
Bodensatz der Gesellschaft,Faustine,Ungerichtet
wie aus Erz gegossen,Faustine,Ungerichtet
eine Gestalt zerschneiden,Faustine,Ungerichtet
Feld von Möglichkeiten,Faustine,Ungerichtet
von Haus aus,Faustine,Ungerichtet
freie Hand haben,Faustine,Ungerichtet
etwas in Schranken halten,Faustine,Ungerichtet
in alle vier Winde verflattern,Faustine,Ungerichtet
etwas eine Richtung geben,Faustine,Ungerichtet
den Kürzeren ziehen,Faustine,Ungerichtet
den Regenbogen bewohnen,Faustine,Ungerichtet
den Orion bewohnen,Faustine,Ungerichtet
einem anderen in die Äpfel gehen oder in die Kirschen,Der Sonnenwirt,Ungerichtet
"ein Boden werden, darin der Same zu Früchten aufgehen kann",Der Sonnenwirt,Ungerichtet
um den Finger wickeln,Der Sonnenwirt,Ungerichtet
auf dem höchsten Gaul sitzen,Der Sonnenwirt,Ungerichtet
den Pflug über das trotzige Herz gehen lassen,Der Sonnenwirt,Ungerichtet
"durch die breite Pforte in den Himmel eingehen, statt durch die schmale",Der Sonnenwirt,Ungerichtet
Hinter Glas und Rahmen aufheben,Der Sonnenwirt,Ungerichtet
Reich Gottes,Der Sonnenwirt,Ungerichtet
den Schlüssel zu einer sonst verschlossenen Tür haben,Der Sonnenwirt,Ungerichtet
"in den Händen von jemandem sein, jemandem in die Hände fallen / geraten",Heiteretei,Ungerichtet
bei der Hand sein,Heiteretei,Ungerichtet
jemandem (einen) Spiegel vorhalten,Heiteretei,Ungerichtet
auf dem Teller präsentieren,Heiteretei,Ungerichtet
wie vom Himmel niedergeschüttet,Das Heideprinzeßchen,Ungerichtet
querfeldein galloppieren,Das Heideprinzeßchen,Ungerichtet
den lügnerischen Spiegel in hochauflösende Atome zerstampfen,Das Heideprinzeßchen,Ungerichtet
sich aus dem Staub machen,Das Heideprinzeßchen,Ungerichtet
Perlen in der Tasche haben,Das Heideprinzeßchen,Ungerichtet
die tiefste Einsamkeit webte um das schlafende Geheimnis,Das Heideprinzeßchen,Ungerichtet
Zügel der Wissenschaft,Das Heideprinzeßchen,Ungerichtet
Fersengeld geben,Das Heideprinzeßchen,Ungerichtet
jemandem die blinden Augen öffnen,Problematische Naturen. Zweite Abteilung (durch Nacht zum Licht),Ungerichtet
jemandem unter die Augen treten,Problematische Naturen. Zweite Abteilung (durch Nacht zum Licht),Ungerichtet
die Bahn bis zum Anfang zurückzumessen,Problematische Naturen. Zweite Abteilung (durch Nacht zum Licht),Ungerichtet
jemandem einen Blick in die dunkeln Regionen seines Daseins gewähren,Problematische Naturen. Zweite Abteilung (durch Nacht zum Licht),Ungerichtet
tiefer in die Dornen der Wiedersprüche geraten,Problematische Naturen. Zweite Abteilung (durch Nacht zum Licht),Ungerichtet
sich in die Gefahr stürzen,Problematische Naturen. Zweite Abteilung (durch Nacht zum Licht),Ungerichtet
in den Hades zurückweisen,Problematische Naturen. Zweite Abteilung (durch Nacht zum Licht),Ungerichtet
über dem Kopf zusammenbrechen / zusammenstürzen,"Problematische Naturen. Zweite Abteilung (durch Nacht zum Licht), Rodrich",Ungerichtet
Der Schande ein hübsches Mäntelchen umhängen,Problematische Naturen. Zweite Abteilung (durch Nacht zum Licht),Ungerichtet
Mutter Natur,Problematische Naturen. Zweite Abteilung (durch Nacht zum Licht),Ungerichtet
Der Quell der Befriedigung fließt für jeden,Problematische Naturen. Zweite Abteilung (durch Nacht zum Licht),Ungerichtet
auf der Retorte seines Skepticismus alle Gefühle zu Gedanken verflüchtigt,Problematische Naturen. Zweite Abteilung (durch Nacht zum Licht),Ungerichtet
getroffen von einem Schlag,Problematische Naturen. Zweite Abteilung (durch Nacht zum Licht),Ungerichtet
"der Standpunkt, den jemand eingenommen hat",Problematische Naturen. Zweite Abteilung (durch Nacht zum Licht),Ungerichtet
Strom des vollen jugendlichen Lebens künstlich zurückstauen,Problematische Naturen. Zweite Abteilung (durch Nacht zum Licht),Ungerichtet
"jemanden aus einem Strudel reißen, in welchem er unter zu sinken droht",Problematische Naturen. Zweite Abteilung (durch Nacht zum Licht),Ungerichtet
Dem Ziele unserer Wallfahrt sich nähern,Problematische Naturen. Zweite Abteilung (durch Nacht zum Licht),Ungerichtet
die ödeste Wüste in das blühendste Paradies umschaffen,Problematische Naturen. Zweite Abteilung (durch Nacht zum Licht),Ungerichtet
wie ein Federball im Wurfe talab gesendet lustig hüpft,Die Ahnen,Ungerichtet
etwas auf dem Buckel haben,"Irrungen, Wirrungen",Ungerichtet
Fersengeld geben,"Irrungen, Wirrungen",Ungerichtet
das Feld seiner Liebhabereien,Die Akten des Vogelsangs,Ungerichtet
auf dem hohen Pferde sitzen,Die Akten des Vogelsangs,Ungerichtet
Purzelbäume schlagen,Die Akten des Vogelsangs,Ungerichtet
wie ein Stein auf den Kopf gefallen,Die Akten des Vogelsangs,Ungerichtet
in den Wind und ins Blaue reden,Die Akten des Vogelsangs,Ungerichtet
Zähne zusammen beißen,Die Akten des Vogelsangs,Ungerichtet
an der Nase herum führen,Sibilla Dalmar,Ungerichtet
grenzenlose Freude,Sibilla Dalmar,Ungerichtet
die Zweige eines Geschlechts gehen auseinander,Leben und Lüge,Ungerichtet
kleines Hindernis,Leben und Lüge,Ungerichtet
über etwas hinweg bringen,Leben und Lüge,Ungerichtet
sich von keinem an die Nasenspitze fassen lassen,Leben und Lüge,Ungerichtet
jemandem unter die Arme greifen,Christa Ruland,Ungerichtet
etwas in der Hand haben,Christa Ruland,Ungerichtet
hinter jemandes Rücken,Christa Ruland,Ungerichtet
etwas aufs Tapet bringen,Christa Ruland,Ungerichtet
jemanden ins Gespräch ziehen,Christa Ruland,Ungerichtet
bei seinem Steckenpferd sein und es resolut besteigen,Christa Ruhland,Ungerichtet
"in den Händen von jemandem sein, jemandem in die Hände fallen / geraten",Arbeit,Ungerichtet
tief drunten sein,Arbeit,Ungerichtet
die Hoffnung fahren lassen,Arbeit,Ungerichtet
jemanden in Fetzen reißen,Arbeit,Ungerichtet
vor den Kopf geschlagen sein,Arbeit,Ungerichtet
in der Hölle sein,Arbeit,Ungerichtet
in den See,Arbeit,Ungerichtet
seinen Weg gehen,Arbeit,Ungerichtet
zermalmt unter der Wucht eines furchtbaren Schicksals,Arbeit,Ungerichtet
zerschlagen sein,Arbeit,Ungerichtet
weit bringen,Andreas Vöst,Ungerichtet
in den Schoß der heiligen Kirche gelangen,Andreas Vöst,Ungerichtet
in den Vorhof der Seligkeiten gelangen lassen,Andreas Vöst,Ungerichtet
"in den Banden des Schlafes liegen, die unreißbar erscheinen",Die Intellektuellen,Ungerichtet
eine Debatte in ein anderes Fahrwasser lenken,Die Intellektuellen,Ungerichtet
etwas am Hals haben,Die Intellektuellen,Ungerichtet
etwas mit vollen Händen nehmen,Die Intellektuellen,Ungerichtet
an jemandem hängen,Die Intellektuellen,Ungerichtet
aus der Haut fahren,Die Intellektuellen,Ungerichtet
aus der Rolle der Zuhörerin heraustreten,Die Intellektuellen,Ungerichtet
auf die Höhe bringen,Die Intellektuellen,Ungerichtet
sich etwas / jemanden aus dem Kopf schlagen,Die Intellektuellen,Ungerichtet
etwas auf die Spur kommen,Die Intellektuellen,Ungerichtet
in etwas vergraben sein,Die Intellektuellen,Ungerichtet
unter den Fingern zerinnen,Die Intellektuellen,Ungerichtet
in die Hände von jemandem legen,Herrn Dames Aufzeichnungen,Ungerichtet
das Herz geht jemandem auf,Herrn Dames Aufzeichnungen,Ungerichtet
Hörner ablaufen,Herrn Dames Aufzeichnungen,Ungerichtet
etwas über jemanden verhängen,Herrn Dames Aufzeichnungen,Ungerichtet
harmonisch mit etwas verschmelzen,Herrn Dames Aufzeichnungen,Ungerichtet
um jemandes Hand anhalten,Martha's Kinder,Ungerichtet
"Straßen pflegen ist ganz schön, Bahn brechen ist schöner",Martha's Kinder,Ungerichtet
Boden der Tradition,Martha's Kinder,Ungerichtet
weit von etwas entfernt sein,Martha's Kinder,Ungerichtet
aus entlegenster Vergangenheit in entlegenste Zukunft,Martha's Kinder,Ungerichtet
Forschungsfelder eröffnen,Martha's Kinder,Ungerichtet
gebrochen sein,Martha's Kinder,Ungerichtet
in das Räderwerk des öffentlichen Lebens eingreifen,Martha's Kinder,Ungerichtet
zur Seite schieben,Martha's Kinder,Ungerichtet
alte Formen sprengen,Martha's Kinder,Ungerichtet
auf einem Standpunkt stehen,Martha's Kinder,Ungerichtet
vorwärts dringen,Martha's Kinder,Ungerichtet
in einen Wirbel von Vergnügungen gerissen,Martha's Kinder,Ungerichtet
sich in seine Bücher vergraben,Beate und Mareile,Ungerichtet
"der Vater ein Pflänzchen, der Sohn ein Baum",Berlin Alexanderplatz,Ungerichtet
lange Beine machen,Berlin Alexanderplatz,Ungerichtet
jemanden in den Dreck fahren,Berlin Alexanderplatz,Ungerichtet
Gott lässt schon keinen von der Hand fallen,Berlin Alexanderplatz,Ungerichtet
in den Grundfesten erschüttert,Borgia,Ungerichtet
ich wäge die Waage der Gerechtigkeit in meiner Hand,Borgia,Ungerichtet
Himmel der Ewigkeit,Borgia,Ungerichtet
auf unrechtem Pfade sein,Borgia,Ungerichtet
Ruine seiner selbst,Borgia,Ungerichtet
vor dem Herrn,Borgia,Ungerichtet
St Petri Felsen beginnt zu wanken,Borgia,Ungerichtet
ein Auge auf jemanden werfen,Borgia,Ungerichtet
die Herzen öffnen,Die Ahnen,Ungerichtet
"warf er sich in die dunklen Gefilde der Magie und hoffte nun der Natur gewaltsam abzuzwingen, was sie uns so eigensinnig verbirgt","Fausts Leben, Taten und Höllenfahrt",Ungerichtet
"so verlor er bald den Pfad des Glücks, auf den nur Beschränktheit den Sterblichen zu führen scheint und auf welchem ihn nur Bescheidenheit erhält","Fausts Leben, Taten und Höllenfahrt",Ungerichtet
"Früh fand er die Grenzen der Menschheit zu enge und stieß mit wilder Kraft dagegen an, um sie über die Würklichkeit hinüberzurücken","Fausts Leben, Taten und Höllenfahrt",Ungerichtet
"da aber wahre Größe und wahrer Ruhm gleich dem Glücke den am meisten zu fliehen scheinen, der sie dann schon erhaschen will, bevor er ihre feinen, reinen Gestalten von dem Dunst und Nebel absondert, den der Wahn um sie gezogen, so umarmte er nur zu oft eine Wolke für die Gemahlin des Donnerers","Fausts Leben, Taten und Höllenfahrt",Ungerichtet
"ihn über die Grenzen zu treiben, gegen die er so wild anstieß","Fausts Leben, Taten und Höllenfahrt",Ungerichtet
"In dieser Schale tanzen leicht Religion und ihre Stütze, die Furcht vor der Zukunft.","Fausts Leben, Taten und Höllenfahrt",Ungerichtet
"Die Gegenschale schlägt sie hinauf; Durst nach Unabhängigkeit und Wissen, Stolz, Wollust, Groll und Bitterkeit füllen sie. Ewigkeit und Verdammnis schallen nur dumpf in seiner Seele","Fausts Leben, Taten und Höllenfahrt",Ungerichtet
so traten die Großen der Hölle aus den Gemächern des Satans,"Fausts Leben, Taten und Höllenfahrt",Ungerichtet
"der Adel seiner Seele leuchtete aus seiner ganzen Bildung, und aus allen seinen Geberden hervor",Usong,Ungerichtet
"so kann vielleicht der Saamen der Weisheit bey ihm zur Reife gelangen, und bey einem andern Volke Früchte tragen",Usong,Ungerichtet
"ihre Einbildung gewann einen so großen Vorsprung über ihre Vernunft, daß es dieser niemals wieder möglich war, sie einzuholen",Geschichte der Abderiten,Ungerichtet
"gemeiniglich schlossen sie den Käfig erst, wenn der Vogel entflogen war.",Geschichte der Abderiten,Ungerichtet
"Rücksichten sind die Geleise, in welchen der Wagen der Gesellschaft ruhig und sicher fährt, ohne mit andern zusammen zu stoßen, zu zertrümmern und zertrümmert zu werden.",Faustine,Ungerichtet
"daß um alltägliche Handlungen, um gewöhnliche Worte ein[19] reizender Schmelz gehaucht war, wie er auf frischgepflückten Früchten liegt",Faustine,Ungerichtet
"gleichsam rotseidne Vorhänge zieht die junge Seele plötzlich vor dem fremden Auge über, das unberufen will hineinsehen",Feldblumen,Ungerichtet
der Künstler sieht den Finger Gottes aus den toten Farben wachsen,Feldblumen,Ungerichtet
das ganze Wolkengewölbe unter seiner eignen Last zusammenbricht mit Donnerkrachen und die Wolkentrümmer aneinander in ungezählte Tropfentrümmerchen zersplittern,Heiteretei,Ungerichtet
Schon zeigten sich Lücken im Gewölke. Das flog nun selbst wie eine endlose Folge dunkler Regenschirme in den Händen eilender Riesen am Himmel dahin.,Heiteretei,Ungerichtet
Der Mond stellte sich auf die Zehen und sah zwischen ihnen hindurch auf die nasse Straße herab.,Heiteretei,Ungerichtet
als sollt der Schlossturm gekocht werden und man braucht einen Topf dazu,Heiteretei,Ungerichtet
die aus dem Becher der Zeit so hell und funkelnd hinabgetropft waren in das Meer der Ewigkeit,Problematische Naturen. Zweite Abteilung (durch Nacht zum Licht),Ungerichtet
"als hätte man den Schlüssel zu einer sonst verschlossenen Türe, und wenn man hineingeht, so trifft man oft auf Dinge, die man gar nicht hinter dieser Türe gesucht hätte",Der Sonnenwirt,Ungerichtet
da fuhr bei uns zur Nachtzeit das wilde Heer des Gottes durch die Luft,Die Ahnen,Ungerichtet
im Heiligthume der Weiblichkeit einen Himmel bilden,Die Honigmonathe,Ungerichtet
"mit einem schwarzen, gähnenden Schlund in der Mitte",Arbeit,Ungerichtet
"eine Klappe im Gehirn sich öffnete«, – und dann fiel prompt ein neues Trachtenmotiv heraus",Die Intellektuellen,Ungerichtet
wie in einem Hexenkessel um sie her brodelte und brandete,Christa Ruland,Ungerichtet
"Zuerst konnte sie die Schrift nicht lesen, denn sie sah aus, als wenn viele Ulanenlanzen wüst durcheinander geworfen wären. Allmählich aber ordnete sie diesen Ulanenlanzenhaufen und entzifferte das Schreiben. [...] Der General konnte auch nicht gleich den Ulanenlanzenhaufen[16] entwirren.",Leben und Lüge,Ungerichtet
"Gemütsart, aus der nur für Momente ein kauzischer Humor wie der grüne Mond hinter schwarzen Wolken hervorblitzte",Borgia,Ungerichtet
"wie sehr die Autorität der Kirche gemindert wird, wenn ein Baumeister, ausersehen, sie zu stützen, fortgesetzt Steine aus ihren Mauern löst und endlich den Turm selbst zum Einsturz bringen wird",Borgia,Ungerichtet
"Du, Beating, bist ein hübscher, glatter, tiefer Hafen, gut ausgebaggert, man sieht bis auf den Grund.",Beate und Mareile,Ungerichtet
Berge und Thäler kommen nicht zusammen!,Lebensläufe nach aufsteigender Linie,Ungerichtet
"Einem Tyrannen zu Füßen liegen, der seine Hand ins warme Blut des Erstgeborenen eines Vertheidigers seines freien Vaterlandes eintaucht",Lebensläufe nach aufsteigender Linie,Ungerichtet
Als ein kleiner Ätna die Flammen einer unumschränkten Liebe kaum annoch verbergen können,Der im Irr-Garten der Liebe herum taumelnde Cavalier,Ungerichtet
"etwas ist für jemanden ein schöner Regenborgen, welcher alle Wolken der Betrübnis vertreibt",Der im Irr-Garten der Liebe herum taumelnde Cavalier,Ungerichtet
ein bloßer Schatten dolcht mir ein großer Riese,Der im Irr-Garten der Liebe herum taumelnde Cavalier,Ungerichtet
"Die exzentrische Bahn, die der Mensch, im Allgemeinen und Einzelnen, von einem Punkte (der mehr oder weniger reinen Einfalt) zum andern (der mehr oder weniger vollendeten Bildung) durchläuft, scheint sich, nach ihren wesentlichen Richtungen, immer gleich zu sein",Hyperion Fragment,Ungerichtet
"je heftiger sich die schlummernden Kräfte aufgerafft hatten, desto müder sanken sie hin, und die unbefriedigte Natur kehrte zu verdoppeltem Schmerze zurück",Hyperion Fragment,Ungerichtet
Unser Geist gleitet so leicht aus seiner Bahn,Hyperion Fragment,Ungerichtet
"wie ein friedlich Arkadien, wo Blüte und Saat in ewig stiller Luft sich wiegt, wo ohne des Mittags Schwüle die Ernte reift, und die süße Traube gedeiht, wo keine Furcht das sichere Land umzäunt, wo man von nichts weiß, als von dem ewigen Frühling der Erde, und dem wolkenlosen Himmel und seiner Sonne, und seinen freundlichen Gestirnen, so stehet es offen da vor mir, das Heiligtum ihres Herzens und Geistes.",Hyperion Fragment,Ungerichtet
Es tagte wieder in mir. Das hohe Wesen hatte meinen Geist aus seinem Grabe gerufen.,Hyperion Fragment,Ungerichtet
Und die zarten goldenen Wölkchen im Äther lächelten herunter,Hyperion Fragment,Ungerichtet
Als stiege ein Gott herunter zu einem unschuldigen Volke,Hyperion Fragment,Ungerichtet
Hier und da etwas himmelrein aus jemandem hervorgehen sehen,Woldemar,Ungerichtet
"verschlungen in die Unermeßlichkeit des Weltalls, verschmolzen in die allgemeine Harmonie der Wesen, fühlte ich mich selbst in dieser Größe untergehen",Das Blüthenalter der Empfindung,Ungerichtet
überall ragt ihm das stolze Selbst eines Andern hochmüthig entgegen,Das Blüthenalter der Empfindung,Ungerichtet
eine fremde Vernunft drückt ihr Siegel auf seine Eigentümlichkeit,Das Blüthenalter der Empfindung,Ungerichtet
"einen Himmel von Glückseligkeit über jemandem aufgehen lassen, in dessen Lichtmeer sich alle anderen Gefühle verklären, oder untergingen",Das Blüthenalter der Empfindung,Ungerichtet
Wie auf einem verheerten Paradies schwebte das Bild der schönen Fremden einsam über den Trümmern meiner vollendetsten Schöpfungen,Das Blüthenalter der Empfindung,Ungerichtet
und das Morgenlicht der Jugend überzog von neuem alle Gegenstände mit seinem rosafarbenen Schimmer,Das Blüthenalter der Empfindung,Ungerichtet
"Gang, in den scheinbar regellosen Verschiedenheiten der menschlichen Leidenschaften unter allen Himmelsstrichen",Das Blüthenalter der Empfindung,Ungerichtet
"sich über die Schranken erheben, welche Alltagsmeinungen etwas setzen (z.B. dem weiblichen Geschlecht)",Elisa,Ungerichtet
"Euer kindisches Begehren und Streben – führte uns sanft in die Unschuldswelt zurück, erhielt den zärtesten Bildern unsres Gemüths ihre frischen Farben, und klärte die Quellen des heiligsten innren Lebens auf.",Agnes von Lilien,Ungerichtet
"Welch ein Glück wäre es für die zu der Tafel der Teufel bestimmten Seelen, wenn sie dadurch das Ende ihrer Qual fänden; da sie diese aber stückweise in die Sümpfe der Hölle ausschütten, so wachsen sie wieder zusammen und stehen zu neuen Martern auf.","Fausts Leben, Taten und Höllenfahrt",Ungerichtet
den schönen Gang einer wahren Resignation gehen,St. Roche,Ungerichtet
aus dem natürlichen Kreise des Lebens verschlagen,St. Roche,Ungerichtet
das Herz blutet,St. Roche,Ungerichtet
"und es keine sanftere Wiege giebt, als in den Mutterarmen der Natur -- und in diese Wiege sollt Ihr, Leonce, und diese Hand legt Euch hinein",St. Roche,Ungerichtet
Lebensrichtung,St. Roche,Ungerichtet
Groß / Größe,St. Roche,Ungerichtet
höhere Richtung,St. Roche,Ungerichtet
Lebenspfad,St. Roche,Ungerichtet
"die Zerstreuung soll das Anbauen, Anranken und Durchdringen des Kerns des höheren Lebens bezeichnen",St. Roche,Ungerichtet
dem Leben eine Richtung geben,St. Roche,Ungerichtet
Himmel,St. Roche,Ungerichtet
die Gaben des Herzens und des Geistes wachsen unverkümmert empor,St. Roche,Ungerichtet
die Wellen des Meeres stürzen noch jetzt seufzend am Strande nieder,St. Roche,Ungerichtet
Wiege,St. Roche,Ungerichtet
Paradies,St. Roche,Ungerichtet
in Heiterkeit zurückkehren,St. Roche,Ungerichtet
umwölken,St. Roche,Ungerichtet
Quelle,Im Reiche des silbernen Löwen III,Ungerichtet
hoch,Im Reiche des silbernen Löwen III,Ungerichtet
Paradies,Im Reiche des silbernen Löwen III,Ungerichtet
thronen in seiner Unterwelt und warten bis seine Persephone kommt,Heimliches Berlin,Ungerichtet
jemandem den Hof machen ,Heimliches Berlin,Ungerichtet
Tiefe des Traums,Heimliches Berlin,Ungerichtet
sanfte Brandung des Schlafes,Heimliches Berlin,Ungerichtet
Lesewelt,Kreuz- und Querzüge des Ritters von A bis Z,Ungerichtet
"er stellte also in dem Leben jener drey Personen ein Gemählde der Welt auf, in welchem Neid und Unterdrückung die Hauptzüge sind",Belphegor,Ungerichtet
Welt,Frau Jenny Treibel,Ungerichtet
Vorwelt,Alf von Dülmen,Ungerichtet
aus der Welt gehen,Maria,Ungerichtet
Nachwelt ,Elisa,Ungerichtet
Welt,"Fausts Leben, Taten und Höllenfahrt",Ungerichtet
Welt,Geschichte der Abderiten,Ungerichtet
Welt,Die Amtmannin von Hohenweiler,Ungerichtet
junge Welt,Die Amtmannin von Hohenweiler,Ungerichtet
Welt,St. Roche,Ungerichtet
Welt,Evremont,Ungerichtet
Welt,Heiteretei,Ungerichtet
Männerwelt,Heiteretei,Ungerichtet
Menschenwelt ,Agnes von Lilien,Ungerichtet
Menschenwelt ,Problematische Naturen. Zweite Abteilung (durch Nacht zum Licht),Ungerichtet
Welt,Problematische Naturen. Zweite Abteilung (durch Nacht zum Licht),Ungerichtet
Würmerwelt,Die Akten des Vogelsangs,Ungerichtet
neue Welt,Rodrich,Ungerichtet
Welt,Rodrich,Ungerichtet
Vorwelt,Rodrich,Ungerichtet
Welt,Die Honigmonathe,Ungerichtet
Welt,Das Heideprinzeßchen,Ungerichtet
Tierwelt,Christa Ruland,Ungerichtet
Welt,Leben und Lüge,Ungerichtet
Welt,Borgia,Ungerichtet
nicht die Welt kosten können,Großstadt,Ungerichtet
nicht aus der Welt sein,Großstadt,Ungerichtet
Welt,Mingus,Ungerichtet
heile Welt,Das Versprechen,Ungerichtet
Welt,Rinaldo Rinaldini,Ungerichtet
ideale Welt,Belphegor,Ungerichtet
Welt,Belphegor,Ungerichtet
aus der Welt gehen,Peregrinus Proteus,Ungerichtet
junge Welt,Frau Jenny Treibel,Ungerichtet
Welt,Frau Jenny Treibel,Ungerichtet
Welt der Formen,Frau Jenny Treibel,Ungerichtet
Welt,Lebensansichten des Katers Murr,Ungerichtet
Welt,Geld und Geist,Ungerichtet
Glanzwelt,Liwûna und Kaidôh,Ungerichtet
unsere Welt schmeckt nun einmal nach Tinte,Caspar Hauser oder Die Trägheit des Herzens,Ungerichtet
Welt,So was von da ,Ungerichtet
Himmel,Kreuz- und Querzüge des Ritters von A bis Z,Ungerichtet
den Himmel im Herzen haben,Hyperion Fragment,Ungerichtet
Himmel,Alf von Dülmen,Ungerichtet
Himmel,Usong,Ungerichtet
Himmel,Problematische Naturen. Zweite Abteilung (durch Nacht zum Licht),Ungerichtet
"Aber da die Menschen im allgemeinen bis jetzt nicht geneigt sind, uns die Himmelspforte so breit und bequem zu machen, so dürfen wir deshalb der schmalen nicht untreu werden.",Der Sonnenwirt,Ungerichtet
Himmel,Das Heideprinzeßchen,Ungerichtet
etwas schreit zum Himmel,leere Herzen,Ungerichtet
Himmel,Der Trümmermörder,Ungerichtet
Himmel,Rinaldo Rinaldini,Ungerichtet
Himmel,Belphegor,Ungerichtet
Himmel,Peregrinus Proteus,Ungerichtet
Himmel,Frau Jenny Treibel,Ungerichtet
Himmel,Lebensansichten des Katers Murr,Ungerichtet
Himmel,Immer mutig!,Ungerichtet
der Kopf explodiert,So was von da ,Ungerichtet
Daumen hoch,So was von da ,ungerichtet
ausgeweidet wie ein Fettkalb,So was von da ,ungerichtet
Goldgrube,So was von da ,ungerichtet
etwas am Hals haben,So was von da ,ungerichtet
Weg,Todeserklärung,ungerichtet
aufsteigen,Todeserklärung,ungerichtet
Welttheater,Freitisch,ungerichtet
Garten,Freitisch,ungerichtet
groß,Freitisch,ungerichtet
groß,Der schwarze Regen,ungerichtet
hoch,Corpus Delicti,ungerichtet
Zwingburg,Der Schlangenbaum,ungerichtet
Welten,Caspar Hauser oder Die Trägheit des Herzens,ungerichtet
hoch,Caspar Hauser oder Die Trägheit des Herzens,ungerichtet
niedrig,Der Pedlar,ungerichtet
höher,Der Pedlar,ungerichtet
Staatsmaschine,Der Pedlar,ungerichtet
Jenseits,Geld und Geist,ungerichtet
Himmel,Geld und Geist,ungerichtet
groß,Lebensansichten des Katers Murr,ungerichtet
hoch,Lebensansichten des Katers Murr,ungerichtet
Schlüssel,Peregrinus Proteus,ungerichtet
Geisterreich,Peregrinus Proteus,ungerichtet
Deckmantel,Belphegor,ungerichtet
Schlüssel,Belphegor,ungerichtet
groß,Kreuz- und Querzüge des Ritters von A bis Z,ungerichtet
Familienecksteine,Kreuz- und Querzüge des Ritters von A bis Z,ungerichtet
hoch,Ardinghello,ungerichtet
groß,Ardinghello,ungerichtet
Das Leben liegt in Trümmern,So was von da,ungerichtet
Die Schlinge zieht sich zu,So was von da,ungerichtet
Das große Ganze,So was von da,ungerichtet
auf fruchtbaren Boden fallen,Todeserklärung,ungerichtet
im Keim ersticken,Todeserklärung,ungerichtet
etwas wuchert zu kleinen Geschwüren,Todeserklärung,ungerichtet
Fuß fassen,Todeserklärung,ungerichtet
zu weit gehen,Todeserklärung,ungerichtet
in besseren Händen sein,Todeserklärung,ungerichtet
eine Ebene der Vertrautheit planieren,Todeserklärung,ungerichtet
etwas Großes,Todeserklärung,ungerichtet
an herausgehobener Position angelangt sein,Todeserklärung,ungerichtet
Witterung aufnehmen,Todeserklärung,ungerichtet
von der Fahne gehen,Freitisch,ungerichtet
auf weiter Flur allein mit seiner Ansicht stehen,Freitisch,ungerichtet
aus dem Ruder laufen,Freitisch,ungerichtet
auf höchster Ebene,Freitisch,ungerichtet
etwas in Gang setzen,Freitisch,ungerichtet
sich etwas auf der Zunge zergehen lassen,Freitisch,ungerichtet
einen dicken Fisch fangen,Freitisch,ungerichtet
jemandem in die Hände fallen,Der schwarze Regen,ungerichtet
ans Licht kommen,Der schwarze Regen,ungerichtet
auf den Plan treten ,Der schwarze Regen,ungerichtet
Die Erkenntnis trifft wie ein Hammerschlag,Der schwarze Regen,ungerichtet
Das Herz in der Hose haben,Corpus Delicti,ungerichtet
auf der Jagd nach spannenden Geschichten sein,Corpus Delicti,ungerichtet
etwas hängt jemandem zum Hals raus,Heißer Sommer,ungerichtet
durch dick und dünn gehen,Heißer Sommer,ungerichtet
ellenlang zum Hals heraus hängen,Heißer Sommer,ungerichtet
Anlauf nehmen,Der Schlangenbaum,ungerichtet
in den Griff bekommen,Der Schlangenbaum,ungerichtet
in Gang bringen,Der Schlangenbaum,ungerichtet
in einem Grabenkampf um läppische Details fechten,Der Schlangenbaum,ungerichtet
sich wie ein Elefant im Porzellanladen aufführen,Der Schlangenbaum,ungerichtet
Schleier von den Augen eines anderen heben,Caspar Hauser oder Die Trägheit des Herzens,ungerichtet
den Geist beflügeln,Caspar Hauser oder Die Trägheit des Herzens,ungerichtet
einen schwierigen Weg gehen,Caspar Hauser oder Die Trägheit des Herzens,ungerichtet
vor das einem vom Schicksal bestimmte Erlebnis gestellt sein,Caspar Hauser oder Die Trägheit des Herzens,ungerichtet
in seinem Element sein,Caspar Hauser oder Die Trägheit des Herzens,ungerichtet
in der Brust nach dem Gewesenen tasten,Caspar Hauser oder Die Trägheit des Herzens,ungerichtet
gefesselter Blick,Caspar Hauser oder Die Trägheit des Herzens,ungerichtet
auf dem Weg weiter kommen wollen,Caspar Hauser oder Die Trägheit des Herzens,ungerichtet
sich nicht aus dem vorgesetzten Gang der Untersuchung lenken lassen,Caspar Hauser oder Die Trägheit des Herzens,ungerichtet
an der Pforte der Klarheit,Liwûna und Kaidôh,ungerichtet
aus sich heraus kommen,Liwûna und Kaidôh,ungerichtet
in sich hinein kommen,Liwûna und Kaidôh,ungerichtet
über das Simple hinübersteigen,Immer mutig!,ungerichtet
da liegt der Hase im Pfeffer,Immer mutig!,ungerichtet
der Weg zum Höheren,Immer mutig!,ungerichtet
höher hinaus wollen,Immer mutig!,ungerichtet
Ideen verfolgen,Der Pedlar,ungerichtet
ein ganzer Berg trüber Gedanken,Der Pedlar,ungerichtet
im Schlamme seiner Erniedrigung wälzen,Der Pedlar,ungerichtet
sich fesseln lassen,Der Pedlar,ungerichtet
jemanden mit der Nase auf etwas stoßen,Der Pedlar,ungerichtet
auf dem Trockenen sitzen,Der Pedlar,ungerichtet
jemandem etwas ins Herz jagen,Geld und Geist,ungerichtet
Öl ins Feuer gießen,Geld und Geist,ungerichtet
Weg zum Glück,Geld und Geist,ungerichtet
dem Missgeschick seinen Stachel nehmen,Geld und Geist,ungerichtet
Weg zur Zufriedenheit,Geld und Geist,ungerichtet
in alle Spitzen gestochen,Geld und Geist,ungerichtet
etwas legt sich wie ein Stein auf jemandes Herz,Geld und Geist,ungerichtet
aus der Haut fahren,Geld und Geist,ungerichtet
etwas hinten und vorne nicht brauchen,Geld und Geist,ungerichtet
Geld schlüpfte durch die Finger,Geld und Geist,ungerichtet
an den Fingern bleibt nichts kleben,Geld und Geist,ungerichtet
eine Nase haben bis etwas passiert ,Geld und Geist,ungerichtet
in alle Wege,Geld und Geist,ungerichtet
jemandem den Hof machen ,Geld und Geist,ungerichtet
in eins verflochten sein,Weisse Sclaven oder die Leiden des Volkes,ungerichtet
Schimpfreden über jemandem ausgießen,Weisse Sclaven oder die Leiden des Volkes,ungerichtet
zu etwas hinauf schwingen,Lebensansichten des Katers Murr,ungerichtet
zu etwas hinauf klettern,Lebensansichten des Katers Murr,ungerichtet
hoher Standpunkt,Lebensansichten des Katers Murr,ungerichtet
der strenge Richterstuhl der Kritik,Lebensansichten des Katers Murr,ungerichtet
mit fremden Federn schmücken,Lebensansichten des Katers Murr,ungerichtet
ein Herz und eine Seele sein,Lebensansichten des Katers Murr,ungerichtet
nur drei Lieder auf dem Kasten haben und eins nach dem anderen von der Walze herunter drehen,Frau Jenny Treibel,ungerichtet
an der Grenze zu etwas sein,Frau Jenny Treibel,ungerichtet
in Phantasie und Dichtung leben,Frau Jenny Treibel,ungerichtet
Mit Ihnen kommt das Licht,Frau Jenny Treibel,ungerichtet
von oben allein das Heil erwarten,Frau Jenny Treibel,ungerichtet
"der Sinne, der sich nach oben richtet",Frau Jenny Treibel,ungerichtet
etwas noch höher stellen als etwas anderes,Frau Jenny Treibel,ungerichtet
Geschichte von dem Kamel und dem Nadelöhr,Frau Jenny Treibel,ungerichtet
kleine Verhältnisse,Frau Jenny Treibel,ungerichtet
das Blümlein des Wissens großgezogen,Frau Jenny Treibel,ungerichtet
schwer ums Herz sein,Frau Jenny Treibel,ungerichtet
niedrigen Standes sein,Frau Jenny Treibel,ungerichtet
jemandem etwas an den Hals werfen,Peregrinus Proteus,ungerichtet
das Gerücht glüht noch unter der Asche,Peregrinus Proteus,ungerichtet
hilfreiche Hand zu leisten,Peregrinus Proteus,ungerichtet
noch weit entfernt von etwas sein,Peregrinus Proteus,ungerichtet
diesen bildete die Natur selbst,Peregrinus Proteus,ungerichtet
in einem Strom von Worten ausgießen,Peregrinus Proteus,ungerichtet
aus dem Leben gehen,Peregrinus Proteus,ungerichtet
"höhere Grade, die er noch zu ersteigen hat",Peregrinus Proteus,ungerichtet
erst in den zweiten Vorhof des Heiligthums vorgeschritten sein,Peregrinus Proteus,ungerichtet
"jemandem durch klüglich berechnete Umwege, Schritt für Schritt, dahin leiten, wo man ihn haben will",Peregrinus Proteus,ungerichtet
in den Händen von jemandem sein,Peregrinus Proteus,ungerichtet
etwas wirft einen in die vorige Bezauberung zurück,Peregrinus Proteus,ungerichtet
ins wahre Licht setzen,Peregrinus Proteus,ungerichtet
etwas in einem ganz neuen Licht zeigen,Peregrinus Proteus,ungerichtet
ins Gedränge kommen,Peregrinus Proteus,ungerichtet
Land der Seelen,Peregrinus Proteus,ungerichtet
die Oberhand haben,Peregrinus Proteus,ungerichtet
in jemanden dringen,Belphegor,ungerichtet
etwas keinen Strohhalm breit näher sein,Belphegor,ungerichtet
Der Mantel der Unempfindlichkeit ist der beste Mantel,Belphegor,ungerichtet
verhülle dich in Unempfindlichkeit,Belphegor,ungerichtet
jemanden aus seiner Begeisterung reißen,Belphegor,ungerichtet
sich in seine Tugend verhüllen,Belphegor,ungerichtet
jemanden mit Gewalt zurückstoßen,Belphegor,ungerichtet
alles ist im Kriege,Belphegor,ungerichtet
jemandem ein paar Schritte abgewinnen,Belphegor,ungerichtet
jemandes Herz einnehmen,Belphegor,ungerichtet
traurige Leere im Herzen zurücklassen,Belphegor,ungerichtet
mit etwas auf dem Boden sein,Belphegor,ungerichtet
jemanden zum Teufel jagen,Belphegor,ungerichtet
den Schlüssel zum Herzen von jemandem haben,Belphegor,ungerichtet
seine Seele ist in ihre Reizungen verwebt,Belphegor,ungerichtet
den Empfindungen die Tür vor der Nase zuschlagen,Belphegor,ungerichtet
der Fröhlichkeit den Hals brechen,Belphegor,ungerichtet
auf seine Vorstellungen einen schwarzen Schleier werfen,Belphegor,ungerichtet
Pfad des Lebens,Belphegor,ungerichtet
nur von einer Seite,Belphegor,ungerichtet
"wie ein Mensch, den man aus einem Feenschlosse in eine Wildniß führt",Belphegor,ungerichtet
Hand an jemanden legen,Rinaldo Rinaldini,ungerichtet
jemandem ein Haar krümmen,Rinaldo Rinaldini,ungerichtet
wie aus einem Munde,Rinaldo Rinaldini,ungerichtet
des Tages Last und Hitze tragen,Rinaldo Rinaldini,ungerichtet
etwas unter den Händen verlieren,Kreuz- und Querzüge des Ritters von A bis Z,ungerichtet
eiserne Brust des Sturms,Kreuz- und Querzüge des Ritters von A bis Z,ungerichtet
Den Nagel auf den Kopf treffen,Kreuz- und Querzüge des Ritters von A bis Z,ungerichtet
auf Sand bauen,Kreuz- und Querzüge des Ritters von A bis Z,ungerichtet
durch falsche Steine eine Wahrheit erspiegeln,Kreuz- und Querzüge des Ritters von A bis Z,ungerichtet
ein anderes Bild von etwas aufstellen,Kreuz- und Querzüge des Ritters von A bis Z,ungerichtet
das Gerade krumm und das Krumme gerade machen,Kreuz- und Querzüge des Ritters von A bis Z,ungerichtet
jemandem einen Stein in den Weg legen,Kreuz- und Querzüge des Ritters von A bis Z,ungerichtet
Steine des Anfloßes,Kreuz- und Querzüge des Ritters von A bis Z,ungerichtet
Edelsteine der Familie,Kreuz- und Querzüge des Ritters von A bis Z,ungerichtet
zu nahe treten,Kreuz- und Querzüge des Ritters von A bis Z,ungerichtet
mittels eines Streifschusses,Kreuz- und Querzüge des Ritters von A bis Z,ungerichtet
alle Hände voll zu tun haben,Kreuz- und Querzüge des Ritters von A bis Z,ungerichtet
bei der Stange bleiben,Kreuz- und Querzüge des Ritters von A bis Z,ungerichtet
etwas zu weit treiben,Ardinghello,ungerichtet
sich mit dem Meere vermählen,Ardinghello,ungerichtet
auf Ihrer Seite,Ardinghello,ungerichtet
auf Vorbedeutungen gehen dürfen,Ardinghello,ungerichtet
hohes Leben,Ardinghello,ungerichtet
aus freier Hand zeichnen,Ardinghello,ungerichtet
Regenten der Harmonie,Ardinghello,ungerichtet
wächserne Nasen,Kreuz- und Querzüge des Ritters von A bis Z,ungerichtet
Die ganze Welt ist eine schmale Brücke,Ohnegrund,ungerichtet
unsere Welt schmeckt nun einmal nach Tinte,Caspar Hauser oder Die Trägheit des Herzens,ungerichtet
"Aber da die Menschen im allgemeinen bis jetzt nicht geneigt sind, uns die Himmelspforte so breit und bequem zu machen, so dürfen wir deshalb der schmalen nicht untreu werden.",Der Sonnenwirt,ungerichtet
der Himmel weiß von welchen Furien der Hölle er getrieben war,Lebensansichten des Katers Murr,ungerichtet
"sich Sorgen um einen kleinen Stein machen, den man in der Hand hält und der eine Lawine auslösen könnte, die alle in die Tiefe reißen würde",Der schwarze Regen,ungerichtet
Die Kette aus Wiederholungen des immer gleichen Bilds reicht in die Zukunft,Corpus Delicti,ungerichtet
das große Auge eines Sees schaut bewimpert von Schilfbewuchs in den Himmel,Corpus Delicti,ungerichtet
"Wolken, deren Bäuche schon lange nicht mehr grau sind vom schlechten Atem einer Zivilisation",Corpus Delicti,ungerichtet
"Es war erstaunlich, mit welcher Leichtigkeit und Kraft er einmal Gesagtes festhielt und wie er aus dem Chaos unlebendiger Laute das für ihn Lebendige und Bedeutungsvolle bildvoll hervorzauberte",Caspar Hauser oder Die Trägheit des Herzens,ungerichtet
über die simplen Luftspäße hinweg in die höheren hineinsteigen,Immer mutig!,ungerichtet
"wie ein wilder Trotzkopf, der gern seine Wutkrone aufsetzt",Immer mutig!,ungerichtet
"Ich verbrachte ein Jahr in wahrer Schmetterlingsexistenz, von einer Blume zur andern flatternd",Immer mutig!,ungerichtet
sich wiegen mit der Waage der Dankbarkeit,Geld und Geist,ungerichtet
"Wie der östreichische Soldat auf die Haselbank, ist der arme Mensch mit seinen eigenen Gedanken fast wie mit seinen Haaren gefesselt an das, was ihn drückt, beschwert, kann  nicht mehr loskommen, stöhnt, klöhnt, zappelt, zanket, webert, wimmert, aber alles umsonst, er ist angeschmiedet mit Fesseln, gegen welche keine Feile hilft. Menschen können ihm nicht helfen, und Gott will es nicht, denn wer sich hinstreckt auf diese Bank, der hat auch von Gott gelassen.",Geld und Geist,ungerichtet
"der Abgrund öffnet sich, aus welchem als grauenvolles Gespenst die Zwietracht steigt",Geld und Geist,ungerichtet
"daß den meisten Lebensbürden die Eigenschaft anwohne, daß sie immer schwerer werden, je länger man als Bürde und ununterbrochen sie trage, daß ihre Last zu einer Unerträglichkeit sich zu steigern vermöge, in welcher jedes andere Gefühl, jedes Glück und jede Freude untergeht",Geld und Geist,ungerichtet
"Das wahre Glück des Menschen ist eine zarte Blume, tausenderlei Ungeziefer umschwirret sie, ein unreiner Hauch tötet sie. Zum Gärtner ist ihr der Mensch gesetzt, sein Lohn ist Seligkeit, aber wie Wenige verstehen ihre Kunst, wie Viele setzen mit eigener Hand in der Blume innersten Kranz der Blume giftigsten Feind; wie Viele sehen sorglos zu, wie das Ungeziefer sich ansetzt, haben ihre Lust daran, wie dasselbe nagt und frißt, die Blume erblaßt! Wohl dem, welchem zu rechter Zeit das Auge aufgeht, welcher mit rascher Hand die Blume wahret, den Feind tötet; er wahret seines Herzens Frieden, er gewinnt seiner Seele Heil,",Geld und Geist,ungerichtet
"ein gärender Vulkan, in jedem Augenblick vermögend loszubrechen in verderblichen Flammen, rücksichtslos alles um sich her verzehrend",Lebensansichten des Katers Murr,ungerichtet
"hüllt sich aber gar bald wieder in das heilige Dunkel ein, worin er ihm bisher immer erschienen war",Peregrinus Proteus,ungerichtet
"die Erwartungen in dem magischen Helldunkel, worein man jemanden einhüllt, immer höher spannen",Peregrinus Proteus,ungerichtet
"Schwermuth und Verfinsterung, worein ihn das Gefühl der Leerheit stürzt",Peregrinus Proteus,ungerichtet
"vermittelst einer vermeinten erhabenen Art von Magie in die Gemeinschaft höherer Wesen zu kommen, und von einer Stufe dieses geistigen Lebens zur andern endlich zum unmittelbaren Anschauen und Genuß der höchsten[12] Urschönheit zu gelangen",Peregrinus Proteus,ungerichtet
"Glaubst du denn, daß die Natur in ihrem ganzen Leben nur ein einzigmal Luft, Feuer, Wasser, Erde zusammen knetete, und nur eine einzige so schöne Wachspuppe daraus bildete, wie die Ungetreue, die »dich izt, lahm geschlagen hat?",Belphegor,ungerichtet
"O die Menschen können die Empfindung gar herrlich abschleifen! Sie reiben an Geduld und Empfindung so lange, bis die Schärfe stumpf ist.",Belphegor,ungerichtet
der Firniß ist von meiner Fantasie weggewischt: laß dir Deine auch ausputzen!,Belphegor,ungerichtet
"so wird die Hülle in kurzem Löcher bekommen: sie zersetzen sie dir, oder du mußt sie bey Seite legen und dich so lange herumbalgen, bis du dich in Autorität gesezt hast: dann fürchten sie sich, und du kannst dein Hüllchen wieder hervorholen",Belphegor,ungerichtet
ihr Bild mit seinen innersten Gedanken so ganz zusammen gewachsen,Belphegor,ungerichtet
"Glaubst du denn, daß die Natur in ihrem ganzen Leben nur ein einzigmal Luft, Feuer, Wasser, Erde zusammen knetete, und nur eine einzige so schöne Wachspuppe daraus bildete, wie die Ungetreue, die »dich izt, lahm geschlagen hat?",Belphegor,ungerichtet
"Geh zum Fegefeuer mit deinen Predigten, Wahnwitziger!",Belphegor,ungerichtet
"man lasse ihn die vergangnen Zeiten, die Geschichte der Menschheit und der Völker durchwandern; man werfe ihn in den Wirbel des Eigennutzes, des Neides und der Unterdrückung, in welchem seine Zeitgenossen herumgetrieben werden",Belphegor,ungerichtet
"Der Eingang ins Leben ist ein Pfad, den Könige und Bettler auf gleiche Art betreten. Der Ausgang hat vielerlei Pforten. Ob wir durch die Mittel- oder Seitentür hinauskommen, ist einerlei. Hinaus läßt man uns gewiß.",Rinaldo Rinaldini,ungerichtet
"tobend wie empörte Meereswogen, über den Nacken der hohen Apenninen",Rinaldo Rinaldini,ungerichtet
"Er lebt in den Canzonetten der Florentiner, in den Gesängen der Kalabresen, und in den Romanzen der Sizilianer.",Rinaldo Rinaldini,ungerichtet
"auf einer Art Rosen gehen, die keine Dornen hat",Kreuz- und Querzüge des Ritters von A bis Z,ungerichtet
jedem seiner Lügenschlösser legt er ein Fundament von richtigen Umständen,Kreuz- und Querzüge des Ritters von A bis Z,ungerichtet
"spannte alle diese Natursegel nur auf, um den Hafen eines einzigen schönen und reichen Fräuleins zu erreichen",Kreuz- und Querzüge des Ritters von A bis Z,ungerichtet
Jeder Theil seines Körpers schien es auf eine besondere Festung anzulegen und auf sichere Eroberung Anspruch zu machen,Kreuz- und Querzüge des Ritters von A bis Z,ungerichtet
"Rolle, die mit so vielen Randglossen verbrämt war, daß die Tressen das Tuch, die Noten den Text kaum frische Luft schöpfen ließen",Kreuz- und Querzüge des Ritters von A bis Z,ungerichtet
"daß Jungfrauen nicht, wie Aecker, durch Fruchtbarkeit im Anschlage steigen",Kreuz- und Querzüge des Ritters von A bis Z,ungerichtet
war Aufruhr und stürmte und warf ein Dutzend ertrunkner Schiffbrüchigen zum Großen Kanal herein bis an den Palast des alten Dogen,Kreuz- und Querzüge des Ritters von A bis Z,ungerichtet
"seine Geburt warf ihn in andre Umstände, unter andre Menschen, in eine andre Laufbahn",Kreuz- und Querzüge des Ritters von A bis Z,ungerichtet
"Ein großer Geist, ein edel Herz wiegt manches Laster auf",Kreuz- und Querzüge des Ritters von A bis Z,ungerichtet